CREATE DATABASE  IF NOT EXISTS `itinerariaDB` /*!40100 DEFAULT CHARACTER SET utf8mb4 COLLATE utf8mb4_0900_ai_ci */ /*!80016 DEFAULT ENCRYPTION='N' */;
USE `itinerariaDB`;
-- MySQL dump 10.13  Distrib 8.0.36, for Linux (x86_64)
--
-- Host: localhost    Database: itinerarIA
-- ------------------------------------------------------
-- Server version	8.0.40-0ubuntu0.24.04.1

/*!40101 SET @OLD_CHARACTER_SET_CLIENT=@@CHARACTER_SET_CLIENT */;
/*!40101 SET @OLD_CHARACTER_SET_RESULTS=@@CHARACTER_SET_RESULTS */;
/*!40101 SET @OLD_COLLATION_CONNECTION=@@COLLATION_CONNECTION */;
/*!50503 SET NAMES utf8 */;
/*!40103 SET @OLD_TIME_ZONE=@@TIME_ZONE */;
/*!40103 SET TIME_ZONE='+00:00' */;
/*!40014 SET @OLD_UNIQUE_CHECKS=@@UNIQUE_CHECKS, UNIQUE_CHECKS=0 */;
/*!40014 SET @OLD_FOREIGN_KEY_CHECKS=@@FOREIGN_KEY_CHECKS, FOREIGN_KEY_CHECKS=0 */;
/*!40101 SET @OLD_SQL_MODE=@@SQL_MODE, SQL_MODE='NO_AUTO_VALUE_ON_ZERO' */;
/*!40111 SET @OLD_SQL_NOTES=@@SQL_NOTES, SQL_NOTES=0 */;

--
-- Table structure for table `customer`
--

DROP TABLE IF EXISTS `customer`;
/*!40101 SET @saved_cs_client     = @@character_set_client */;
/*!50503 SET character_set_client = utf8mb4 */;
CREATE TABLE `customer` (
  `id` int NOT NULL AUTO_INCREMENT,
  `first_name` varchar(255) CHARACTER SET utf8mb4 COLLATE utf8mb4_unicode_ci NOT NULL,
  `last_name` varchar(255) CHARACTER SET utf8mb4 COLLATE utf8mb4_unicode_ci NOT NULL,
  `national_id_number` varchar(255) CHARACTER SET utf8mb4 COLLATE utf8mb4_unicode_ci NOT NULL,
  `phone` int NOT NULL,
  `email` varchar(255) CHARACTER SET utf8mb4 COLLATE utf8mb4_unicode_ci NOT NULL,
  PRIMARY KEY (`id`)
) ENGINE=InnoDB AUTO_INCREMENT=161 DEFAULT CHARSET=utf8mb4 COLLATE=utf8mb4_unicode_ci;
/*!40101 SET character_set_client = @saved_cs_client */;

--
-- Dumping data for table `customer`
--

LOCK TABLES `customer` WRITE;
/*!40000 ALTER TABLE `customer` DISABLE KEYS */;
INSERT INTO `customer` VALUES (1,'Alberto','González','12345678A',600123456,'alberto.gonzalez@ejemplo.com'),(2,'Beatriz','Hernández','87654321B',600234567,'beatriz.hernandez@ejemplo.com'),(3,'Carlos','Martínez','23456789C',600345678,'carlos.martinez@ejemplo.com'),(4,'Diana','Pérez','98765432D',600456789,'diana.perez@ejemplo.com'),(5,'Esteban','López','34567890E',600567890,'esteban.lopez@ejemplo.com'),(6,'Fernando','Gómez','65432178F',600678901,'fernando.gomez@ejemplo.com'),(7,'Gabriela','Fernández','56781234G',600789012,'gabriela.fernandez@ejemplo.com'),(8,'Hugo','Rodríguez','34567821H',600890123,'hugo.rodriguez@ejemplo.com'),(9,'Isabel','Díaz','87654321I',600901234,'isabel.diaz@ejemplo.com'),(10,'Javier','Torres','12348765J',600912345,'javier.torres@ejemplo.com'),(11,'Karla','Ramírez','56781234K',600923456,'karla.ramirez@ejemplo.com'),(12,'Luis','Sánchez','43216789L',600934567,'luis.sanchez@ejemplo.com'),(13,'María','Castro','65432178M',600945678,'maria.castro@ejemplo.com'),(14,'Néstor','Hidalgo','12348765N',600956789,'nestor.hidalgo@ejemplo.com'),(15,'Olivia','Méndez','87654321O',600967890,'olivia.mendez@ejemplo.com'),(16,'Pedro','Alonso','34567821P',600978901,'pedro.alonso@ejemplo.com'),(17,'Quinta','Reyes','56781234Q',600989012,'quinta.reyes@ejemplo.com'),(18,'Raúl','Domínguez','43216789R',600990123,'raul.dominguez@ejemplo.com'),(19,'Sara','Velázquez','12348765S',600991234,'sara.velazquez@ejemplo.com'),(20,'Tomás','Moreno','65432178T',600992345,'tomas.moreno@ejemplo.com'),(21,'Úrsula','Giménez','87654321U',600993456,'ursula.gimenez@ejemplo.com'),(22,'Victor','Herrera','34567821V',600994567,'victor.herrera@ejemplo.com'),(23,'Wanda','Martín','56781234W',600995678,'wanda.martin@ejemplo.com'),(24,'Ximena','Salazar','43216789X',600996789,'ximena.salazar@ejemplo.com'),(25,'Yolanda','García','65432178Y',600997890,'yolanda.garcia@ejemplo.com'),(26,'Zacarías','Ruiz','12348765Z',600998901,'zacarias.ruiz@ejemplo.com'),(27,'Aitor','Navarro','87654321A',600999012,'aitor.navarro@ejemplo.com'),(28,'Blanca','Paredes','34567821B',600999123,'blanca.paredes@ejemplo.com'),(29,'Cristina','Campos','56781234C',600999234,'cristina.campos@ejemplo.com'),(30,'Diego','Vargas','43216789D',600999345,'diego.vargas@ejemplo.com'),(31,'Elena','Ortega','65432178E',600999456,'elena.ortega@ejemplo.com'),(32,'Fabián','Barrios','12348765F',600999567,'fabian.barrios@ejemplo.com'),(33,'Gloria','Montero','87654321G',600999678,'gloria.montero@ejemplo.com'),(34,'Héctor','Peña','34567821H',600999789,'hector.pena@ejemplo.com'),(35,'Inés','Ramos','56781234I',600999890,'ines.ramos@ejemplo.com'),(36,'Joaquín','Núñez','43216789J',600999901,'joaquin.nunez@ejemplo.com'),(37,'Karina','Carreño','65432178K',600999012,'karina.carreno@ejemplo.com'),(38,'Leonardo','Rosales','12348765L',600999123,'leonardo.rosales@ejemplo.com'),(39,'Manuela','Santana','87654321M',600999234,'manuela.santana@ejemplo.com'),(40,'Nicolás','Espinoza','34567821N',600999345,'nicolas.espinoza@ejemplo.com'),(41,'Olga','Molina','56781234O',600999456,'olga.molina@ejemplo.com'),(42,'Pablo','Pérez','43216789P',600999567,'pablo.perez@ejemplo.com'),(43,'Ramona','Delgado','65432178R',600999678,'ramona.delgado@ejemplo.com'),(44,'Salvador','Álvarez','12348765S',600999789,'salvador.alvarez@ejemplo.com'),(45,'Teresa','Márquez','87654321T',600999890,'teresa.marquez@ejemplo.com'),(46,'Ulises','Araya','34567821U',600999901,'ulises.araya@ejemplo.com'),(47,'Violeta','Correa','56781234V',600999012,'violeta.correa@ejemplo.com'),(48,'Wilfredo','Luna','43216789W',600999123,'wilfredo.luna@ejemplo.com'),(49,'Xiomara','Cabrera','65432178X',600999234,'xiomara.cabrera@ejemplo.com'),(50,'Yasmina','Albornoz','12348765Y',600999345,'yasmina.albornoz@ejemplo.com'),(51,'Carlos','Gómez','12345678A',612345678,'carlos.gomez@example.com'),(52,'María','Rodríguez','12345679B',612345679,'maria.rodriguez@example.com'),(53,'José','López','12345680C',612345680,'jose.lopez@example.com'),(54,'Ana','Martínez','12345681D',612345681,'ana.martinez@example.com'),(55,'Pedro','Sánchez','12345682E',612345682,'pedro.sanchez@example.com'),(56,'Lucía','Hernández','12345683F',612345683,'lucia.hernandez@example.com'),(57,'Juan','Pérez','12345684G',612345684,'juan.perez@example.com'),(58,'Isabel','González','12345685H',612345685,'isabel.gonzalez@example.com'),(59,'José Luis','Ramírez','12345686J',612345686,'joseluis.ramirez@example.com'),(60,'Marta','Fernández','12345687K',612345687,'marta.fernandez@example.com'),(61,'Antonio','Alvarez','12345688L',612345688,'antonio.alvarez@example.com'),(62,'Raquel','Muñoz','12345689M',612345689,'raquel.munoz@example.com'),(63,'David','Moreno','12345690N',612345690,'david.moreno@example.com'),(64,'Sofía','Jiménez','12345691O',612345691,'sofia.jimenez@example.com'),(65,'Carlos','Serrano','12345692P',612345692,'carlos.serrano@example.com'),(66,'Victoria','Díaz','12345693Q',612345693,'victoria.diaz@example.com'),(67,'Manuel','Castro','12345694R',612345694,'manuel.castro@example.com'),(68,'Paula','Vázquez','12345695S',612345695,'paula.vazquez@example.com'),(69,'Rafael','Torres','12345696T',612345696,'rafael.torres@example.com'),(70,'Alba','Rojas','12345697U',612345697,'alba.rojas@example.com'),(71,'Luis','Molina','12345698V',612345698,'luis.molina@example.com'),(72,'Cristina','Gil','12345699W',612345699,'cristina.gil@example.com'),(73,'Javier','Herrera','12345700X',612345700,'javier.herrera@example.com'),(74,'Laura','Martín','12345701Y',612345701,'laura.martin@example.com'),(75,'José Antonio','García','12345702Z',612345702,'joseantonio.garcia@example.com'),(76,'Beatriz','Blanco','12345703A',612345703,'beatriz.blanco@example.com'),(77,'Fernando','Méndez','12345704B',612345704,'fernando.mendez@example.com'),(78,'Patricia','Castillo','12345705C',612345705,'patricia.castillo@example.com'),(79,'Iván','Ruiz','12345706D',612345706,'ivan.ruiz@example.com'),(80,'José María','Marín','12345707E',612345707,'josemaria.marin@example.com'),(81,'Sara','Paredes','12345708F',612345708,'sara.paredes@example.com'),(82,'Álvaro','Villar','12345709G',612345709,'alvaro.villar@example.com'),(83,'Daniela','Gutiérrez','12345710H',612345710,'daniela.gutierrez@example.com'),(84,'Raúl','Molina','12345711I',612345711,'raul.molina@example.com'),(85,'Elena','Santos','12345712J',612345712,'elena.santos@example.com'),(86,'Carlos Javier','Giménez','12345713K',612345713,'carlosjavier.gimenez@example.com'),(87,'Eva','Álvarez','12345714L',612345714,'eva.alvarez@example.com'),(88,'Miguel','Núñez','12345715M',612345715,'miguel.nunez@example.com'),(89,'Gabriela','Romero','12345716N',612345716,'gabriela.romero@example.com'),(90,'Andrés','Jiménez','12345717O',612345717,'andres.jimenez@example.com'),(91,'Paula','García','12345718P',612345718,'paula.garcia@example.com'),(92,'Francisco','González','12345719Q',612345719,'francisco.gonzalez@example.com'),(93,'Verónica','Martín','12345720R',612345720,'veronica.martin@example.com'),(94,'David','Ramírez','12345721S',612345721,'david.ramirez@example.com'),(95,'Julia','López','12345722T',612345722,'julia.lopez@example.com'),(96,'Antonio','Hernández','12345723U',612345723,'antonio.hernandez@example.com'),(97,'Adrián','Cordero','12345724V',612345724,'adrian.cordero@example.com'),(98,'Susana','González','12345725W',612345725,'susana.gonzalez@example.com'),(99,'Alfonso','Jiménez','12345726X',612345726,'alfonso.jimenez@example.com'),(100,'Nuria','López','12345727Y',612345727,'nuria.lopez@example.com'),(101,'Víctor','Márquez','12345728Z',612345728,'victor.marquez@example.com'),(102,'Silvia','Sánchez','12345729A',612345729,'silvia.sanchez@example.com'),(103,'Raúl','Torres','12345730B',612345730,'raul.torres@example.com'),(104,'Cristina','Gómez','12345731C',612345731,'cristina.gomez@example.com'),(105,'Enrique','López','12345732D',612345732,'enrique.lopez@example.com'),(106,'Isabel','Martín','12345733E',612345733,'isabel.martin@example.com'),(107,'Antonio','Rodríguez','12345734F',612345734,'antonio.rodriguez@example.com'),(108,'Mercedes','Jiménez','12345735G',612345735,'mercedes.jimenez@example.com'),(109,'Santiago','Fernández','12345736H',612345736,'santiago.fernandez@example.com'),(110,'Beatriz','Muñoz','12345737I',612345737,'beatriz.munoz@example.com'),(111,'Luis','Gómez','12345738J',612345738,'luis.gomez@example.com'),(112,'Raquel','Martínez','12345739K',612345739,'raquel.martinez@example.com'),(113,'Alejandro','González','12345740L',612345740,'alejandro.gonzalez@example.com'),(114,'Laura','Pérez','12345741M',612345741,'laura.perez@example.com'),(115,'Ricardo','Hernández','12345742N',612345742,'ricardo.hernandez@example.com'),(116,'Esther','Ruiz','12345743O',612345743,'esther.ruiz@example.com'),(117,'María José','Sánchez','12345744P',612345744,'mariajose.sanchez@example.com'),(118,'José','López','12345745Q',612345745,'jose.lopez@example.com'),(119,'Carmen','Ramírez','12345746R',612345746,'carmen.ramirez@example.com'),(120,'David','Gómez','12345747S',612345747,'david.gomez@example.com'),(121,'María','Castro','12345748T',612345748,'maria.castro@example.com'),(122,'Carlos','Fernández','12345749U',612345749,'carlos.fernandez@example.com'),(123,'Antonio','Sánchez','12345750V',612345750,'antonio.sanchez@example.com'),(124,'Natalia','Hernández','12345751W',612345751,'natalia.hernandez@example.com'),(125,'Rafael','González','12345752X',612345752,'rafael.gonzalez@example.com'),(126,'Pablo','Martínez','12345753Y',612345753,'pablo.martinez@example.com'),(127,'Alicia','Torres','12345754Z',612345754,'alicia.torres@example.com'),(128,'José Antonio','Sánchez','12345755A',612345755,'joseantonio.sanchez@example.com'),(129,'María Pilar','González','12345756B',612345756,'mariapilar.gonzalez@example.com'),(130,'Cecilia','Muñoz','12345757C',612345757,'cecilia.munoz@example.com'),(131,'Miguel Ángel','Pérez','12345758D',612345758,'miguelangel.perez@example.com'),(132,'José Manuel','Ramírez','12345759E',612345759,'josemanuel.ramirez@example.com'),(133,'Victoria','Jiménez','12345760F',612345760,'victoria.jimenez@example.com'),(134,'Javier','Rodríguez','12345761G',612345761,'javier.rodriguez@example.com'),(135,'Patricia','Vázquez','12345762H',612345762,'patricia.vazquez@example.com'),(136,'Andrés','Sánchez','12345763I',612345763,'andres.sanchez@example.com'),(137,'Beatriz','Moreno','12345764J',612345764,'beatriz.moreno@example.com'),(138,'Carlos Javier','Alvarez','12345765K',612345765,'carlosjavier.alvarez@example.com'),(139,'Julia','Blanco','12345766L',612345766,'julia.blanco@example.com'),(140,'Eva María','Giménez','12345767M',612345767,'evamaria.gimenez@example.com'),(141,'Antonio','Muñoz','12345768N',612345768,'antonio.munoz@example.com'),(142,'María del Carmen','Torres','12345769O',612345769,'mariadelcarmen.torres@example.com'),(143,'Manuel','Villar','12345770P',612345770,'manuel.villar@example.com'),(144,'Lucía','González','12345771Q',612345771,'lucia.gonzalez@example.com'),(145,'Jorge','Pérez','12345772R',612345772,'jorge.perez@example.com'),(146,'Raquel','Molina','12345773S',612345773,'raquel.molina@example.com'),(147,'Carlos','Ramírez','12345774T',612345774,'carlos.ramirez@example.com'),(148,'Antonio','Fernández','12345775U',612345775,'antonio.fernandez@example.com'),(149,'Beatriz','Rodríguez','12345776V',612345776,'beatriz.rodriguez@example.com'),(150,'José María','López','12345777W',612345777,'josemaria.lopez@example.com'),(151,'Raúl','Martín','12345778X',612345778,'raul.martin@example.com'),(152,'Marta','Serrano','12345779Y',612345779,'marta.serrano@example.com'),(153,'Antonio','Giménez','12345780Z',612345780,'antonio.gimenez@example.com'),(154,'Silvia','Vázquez','12345781A',612345781,'silvia.vazquez@example.com'),(155,'Alejandro','Moreno','12345782B',612345782,'alejandro.moreno@example.com'),(156,'María Teresa','Paredes','12345783C',612345783,'mariateresa.paredes@example.com'),(157,'José Luis','González','12345784D',612345784,'joseluis.gonzalez@example.com'),(158,'Elena','Serrano','12345785E',612345785,'elena.serrano@example.com'),(159,'Daniela','Castro','12345786F',612345786,'daniela.castro@example.com'),(160,'Roberto','Torres','12345787G',612345787,'roberto.torres@example.com');
/*!40000 ALTER TABLE `customer` ENABLE KEYS */;
UNLOCK TABLES;

--
-- Table structure for table `driver`
--

DROP TABLE IF EXISTS `driver`;
/*!40101 SET @saved_cs_client     = @@character_set_client */;
/*!50503 SET character_set_client = utf8mb4 */;
CREATE TABLE `driver` (
  `id` int NOT NULL AUTO_INCREMENT,
  `first_name` varchar(255) CHARACTER SET utf8mb4 COLLATE utf8mb4_unicode_ci NOT NULL,
  `last_name` varchar(255) CHARACTER SET utf8mb4 COLLATE utf8mb4_unicode_ci NOT NULL,
  `phone` int NOT NULL,
  PRIMARY KEY (`id`)
) ENGINE=InnoDB AUTO_INCREMENT=6 DEFAULT CHARSET=utf8mb4 COLLATE=utf8mb4_unicode_ci;
/*!40101 SET character_set_client = @saved_cs_client */;

--
-- Dumping data for table `driver`
--

LOCK TABLES `driver` WRITE;
/*!40000 ALTER TABLE `driver` DISABLE KEYS */;
INSERT INTO `driver` VALUES (1,'Fernando','Sánchez',600678901),(2,'Gloria','Ramírez',600789012),(3,'Héctor','Jiménez',600890123),(4,'Inés','Mendoza',600901234),(5,'Javier','Vargas',600012345);
/*!40000 ALTER TABLE `driver` ENABLE KEYS */;
UNLOCK TABLES;

--
-- Table structure for table `order`
--

DROP TABLE IF EXISTS `order`;
/*!40101 SET @saved_cs_client     = @@character_set_client */;
/*!50503 SET character_set_client = utf8mb4 */;
CREATE TABLE `order` (
  `id` int NOT NULL AUTO_INCREMENT,
  `customer_id` int NOT NULL,
  `delivery_date` datetime NOT NULL,
  `delivery_address` varchar(255) CHARACTER SET utf8mb4 COLLATE utf8mb4_unicode_ci NOT NULL,
  `latitude` decimal(17,15) NOT NULL,
  `longitude` decimal(17,15) NOT NULL,
  `box_type` varchar(255) CHARACTER SET utf8mb4 COLLATE utf8mb4_unicode_ci NOT NULL,
  `maximum_permissible_mass` varchar(255) CHARACTER SET utf8mb4 COLLATE utf8mb4_unicode_ci NOT NULL,
  `maximum_permissible_volume` varchar(255) CHARACTER SET utf8mb4 COLLATE utf8mb4_unicode_ci NOT NULL,
  `route_id` int DEFAULT NULL,
  `sequence` int DEFAULT NULL,
  PRIMARY KEY (`id`),
  KEY `IDX_F52993989395C3F3` (`customer_id`),
  KEY `IDX_F529939834ECB4E6` (`route_id`),
  CONSTRAINT `FK_F529939834ECB4E6` FOREIGN KEY (`route_id`) REFERENCES `route` (`id`),
  CONSTRAINT `FK_F52993989395C3F3` FOREIGN KEY (`customer_id`) REFERENCES `customer` (`id`)
) ENGINE=InnoDB AUTO_INCREMENT=161 DEFAULT CHARSET=utf8mb4 COLLATE=utf8mb4_unicode_ci;
/*!40101 SET character_set_client = @saved_cs_client */;

--
-- Dumping data for table `order`
--

LOCK TABLES `order` WRITE;
/*!40000 ALTER TABLE `order` DISABLE KEYS */;
INSERT INTO `order` VALUES (1,1,'2025-01-15 00:00:00','Calle Mayor de Triana, 35. Las Palmas de Gran Canaria. 35002',28.104873705450860,-15.415339761669202,'large','50','0.5',NULL,NULL),(2,2,'2025-01-14 00:00:00','Avenida Mesa y López, 18. Las Palmas de Gran Canaria. 35006',28.135245247813895,-15.431815761282190,'medium','20','0.06',NULL,NULL),(3,3,'2025-01-13 00:00:00','Calle León y Castillo, 227. Las Palmas de Gran Canaria. 35005',28.122169907548567,-15.428085861282600,'small','10','0.008',NULL,NULL),(4,4,'2025-01-15 00:00:00','Calle Cano, 5. Las Palmas de Gran Canaria. 35002',28.104092688841640,-15.416198861283167,'large','50','0.5',NULL,NULL),(5,5,'2025-01-15 00:00:00','Calle Luis Morote, 6. Las Palmas de Gran Canaria. 35007',28.141850562421446,-15.430583459469576,'large','50','0.5',NULL,NULL),(6,6,'2025-01-14 00:00:00','Calle Pérez Galdós, 47. Las Palmas de Gran Canaria. 35002',28.107129193016520,-15.419785345976376,'medium','20','0.06',NULL,NULL),(7,7,'2025-01-13 00:00:00','Calle Tomás Morales, 50. Las Palmas de Gran Canaria. 35004',28.110809661312530,-15.422344618988100,'medium','20','0.06',NULL,NULL),(8,8,'2025-01-15 00:00:00','Calle Galicia, 25. Las Palmas de Gran Canaria. 35006',28.134467336957440,-15.433455436659413,'small','10','0.008',NULL,NULL),(9,9,'2025-01-13 00:00:00','Calle Secretario Artiles, 42. Las Palmas de Gran Canaria. 35007',28.139961067994335,-15.431862903646087,'medium','20','0.06',NULL,NULL),(10,10,'2025-01-15 00:00:00','Calle Viera y Clavijo, 29. Las Palmas de Gran Canaria. 35002',28.108036155235116,-15.418722803646888,'small','10','0.008',NULL,NULL),(11,11,'2025-01-14 00:00:00','Calle Obispo Codina, 12. Las Palmas de Gran Canaria. 35002',28.099173911410480,-15.414010961317825,'medium','20','0.06',NULL,NULL),(12,12,'2025-01-13 00:00:00','Calle Buenos Aires, 15. Las Palmas de Gran Canaria. 35002',28.107808327288687,-15.418508774811750,'small','10','0.008',NULL,NULL),(13,13,'2025-01-15 00:00:00','Calle Murga, 9. Las Palmas de Gran Canaria. 35002',28.111390439817110,-15.418439632482155,'small','10','0.008',NULL,NULL),(14,14,'2025-01-13 00:00:00','Calle Venegas, 30. Las Palmas de Gran Canaria. 35003',28.111617907595875,-15.417801330635143,'medium','20','0.06',NULL,NULL),(15,15,'2025-01-13 00:00:00','Calle Domingo J. Navarro, 24. Las Palmas de Gran Canaria. 35002',28.107307301296892,-15.418727217141140,'large','50','0.5',NULL,NULL),(16,16,'2025-01-15 00:00:00','Calle General Bravo, 36. Las Palmas de Gran Canaria. 35002',28.104896277300810,-15.417984890152985,'large','50','0.5',NULL,NULL),(17,17,'2025-01-15 00:00:00','Calle Triana, 78. Las Palmas de Gran Canaria. 35002',28.106422175877302,-15.416067230635235,'medium','20','0.06',NULL,NULL),(18,18,'2025-01-14 00:00:00','Calle Mendizábal, 14. Las Palmas de Gran Canaria. 35002',28.102283155890895,-15.413508332482433,'small','10','0.008',NULL,NULL),(19,19,'2025-01-12 00:00:00','Calle Domingo Doreste, 11. Las Palmas de Gran Canaria. 35002',28.098537805146474,-15.412821517141369,'small','10','0.008',NULL,NULL),(20,20,'2025-01-13 00:00:00','Calle Pérez Muñoz, 8. Las Palmas de Gran Canaria. 35002',28.148788333667664,-15.426576974810562,'medium','20','0.06',NULL,NULL),(21,21,'2025-01-14 00:00:00','Calle Torres, 22. Las Palmas de Gran Canaria. 35002',28.104575734704827,-15.416999530635335,'large','50','0.5',NULL,NULL),(22,22,'2025-01-15 00:00:00','Calle Buenos Aires, 7. Las Palmas de Gran Canaria. 35002',28.108055801144957,-15.417998094335468,'large','50','0.5',NULL,NULL),(23,23,'2025-01-15 00:00:00','Calle Murga, 15. Las Palmas de Gran Canaria. 35002',28.111321876726453,-15.419033976658676,'medium','20','0.06',NULL,NULL),(24,24,'2025-01-13 00:00:00','Calle Venegas, 14. Las Palmas de Gran Canaria. 35003',28.111557819806600,-15.417626807828805,'small','10','0.008',NULL,NULL),(25,25,'2025-01-14 00:00:00','Calle Domingo J. Navarro, 18. Las Palmas de Gran Canaria. 35002',28.107498759692750,-15.418312543412044,'large','50','0.5',NULL,NULL),(26,26,'2025-10-15 00:00:00','Calle León y Castillo, 7. Telde. 35200',28.109717027288607,-15.418172894334969,'large','50','0.5',NULL,NULL),(27,27,'2025-01-15 00:00:00','Calle Betancor Fabelo, 23. Telde. 35200',27.995741625715297,-15.417285101105405,'medium','20','0.06',NULL,NULL),(28,28,'2025-01-13 00:00:00','Avenida del Cabildo, 45. Telde. 35200',27.999258479688056,-15.418450190155886,'medium','20','0.06',NULL,NULL),(29,29,'2025-01-15 00:00:00','Calle Goya, 12. Telde. 35200',27.995825767854647,-15.377166080864129,'small','10','0.008',NULL,NULL),(30,30,'2025-01-15 00:00:00','Calle Picasso, 10. Telde. 35200',27.980873996236475,-15.393205688309216,'medium','20','0.06',NULL,NULL),(31,31,'2025-01-14 00:00:00','C. Pastor, 10. Telde. 35200',27.978173678430828,-15.388999984658453,'small','10','0.008',NULL,NULL),(32,32,'2025-01-12 00:00:00','Calle Poeta Pablo Neruda, 3. Telde. 35200',27.998202585596555,-15.413781588308836,'medium','20','0.06',NULL,NULL),(33,33,'2025-01-13 00:00:00','Calle León y Castillo, 15. Arucas. 35400',28.118529352256854,-15.523806467345018,'large','50','0.5',NULL,NULL),(34,34,'2025-01-14 00:00:00','Calle Doctor Fleming, 5. Arucas. 35400',28.120351086413606,-15.521165317140746,'large','50','0.5',NULL,NULL),(35,35,'2025-01-15 00:00:00','Calle Alcalde Suárez Franchy, 12. Arucas. 35400',28.118520014965892,-15.525459903646665,'medium','20','0.06',NULL,NULL),(36,36,'2025-01-15 00:00:00','Calle San Juan, 8. Arucas. 35400',28.119138163617130,-15.523746476658493,'medium','20','0.06',NULL,NULL),(37,37,'2025-01-13 00:00:00','P.º Poeta Pedro Lezcano, 9. Arucas. 35400',28.117806177937283,-15.527907745976107,'small','10','0.008',NULL,NULL),(38,38,'2025-01-14 00:00:00','Calle Capitán Quesada, 1. Gáldar. 35460',28.145681778368214,-15.654680390151794,'medium','20','0.06',NULL,NULL),(39,39,'2025-01-15 00:00:00','Calle Guaires, 23. Gáldar. 35460',28.144654761880307,-15.656984859469423,'small','10','0.008',NULL,NULL),(40,40,'2025-01-15 00:00:00','Calle Doramas, 10. Gáldar. 35460',28.147103416687190,-15.652112803645842,'medium','20','0.06',NULL,NULL),(41,41,'2025-01-13 00:00:00','Avenida de Tirajana, 28. San Bartolomé de Tirajana. 35100',27.759638115236836,-15.578936812250632,'large','50','0.5',NULL,NULL),(42,42,'2025-01-14 00:00:00','Calle Las Dunas, 15. San Bartolomé de Tirajana. 35100',27.754178583069194,-15.568713515303617,'large','50','0.5',NULL,NULL),(43,43,'2025-01-15 00:00:00','Avenida de Canarias, 150. Santa Lucía de Tirajana. 35110',27.855354328089884,-15.438902874145585,'medium','20','0.06',NULL,NULL),(44,44,'2025-01-15 00:00:00','Calle Primero de Mayo, 5. Santa Lucía de Tirajana. 35110',27.856116101206077,-15.439562166224444,'medium','20','0.06',NULL,NULL),(45,45,'2025-01-13 00:00:00','Av. del Atlántico, 363. Santa Lucía de Tirajana. 35110',27.845162062588027,-15.439222995983622,'large','50','0.5',NULL,NULL),(46,46,'2025-01-14 00:00:00','Calle Ansite, 7. Santa Lucía de Tirajana. 35110',27.880793370545460,-15.431213893211924,'large','50','0.5',NULL,NULL),(47,47,'2025-01-15 00:00:00','Calle Tagoror, 18. Santa Lucía de Tirajana. 35110',27.870590657005590,-15.420390332488758,'medium','20','0.06',NULL,NULL),(48,48,'2025-01-14 00:00:00','Calle Tirma, 10. Santa Lucía de Tirajana. 35110',27.879736881460524,-15.432988090159098,'medium','20','0.06',NULL,NULL),(49,49,'2025-01-12 00:00:00','Calle Garajonay, 22. Santa Lucía de Tirajana. 35110',27.878229534822044,-15.434403694382077,'small','10','0.008',NULL,NULL),(50,50,'2025-01-15 00:00:00','C. de Fataga, 18. Santa Lucía de Tirajana. 35110',27.854667648039545,-15.442144118995131,'medium','20','0.06',NULL,NULL),(51,51,'2025-01-16 00:00:00','Calle Betancor, 45. Telde. 35200',27.950117127196890,-15.381365990208153,'medium','20','0.06',NULL,NULL),(52,52,'2025-01-17 00:00:00','C. Galicia, 24, 35006 Las Palmas de Gran Canaria, Las Palmas',28.133784123511887,-15.432814392086838,'small','10','0.008',NULL,NULL),(53,53,'2025-01-18 00:00:00','C. Ruiz, 26, 35200 Telde, Las Palmas',27.995750181503980,-15.416459645287736,'large','50','0.5',NULL,NULL),(54,54,'2025-01-16 00:00:00','Calle León y Castillo, 12. Telde. 35200',28.002622122977087,-15.414789739281943,'large','50','0.5',NULL,NULL),(55,55,'2025-01-16 00:00:00','C. Primero de Mayo, 127-121, 35110 Vecindario, Las Palmas',27.850052390722237,-15.442800263111938,'medium','20','0.06',NULL,NULL),(56,56,'2025-01-17 00:00:00','Calle Doctor Juan Negrín, 5. Ingenio. 35240',27.919921215096803,-15.426543494912456,'small','10','0.008',NULL,NULL),(57,57,'2025-01-17 00:00:00','Av. de Tirajana, 36, 35100 San Bartolomé de Tirajana, Las Palmas',27.761650320760328,-15.578547161172189,'large','50','0.5',NULL,NULL),(58,58,'2025-01-17 00:00:00','Av. de Canarias, 43, 35110 Vecindario, Las Palmas',27.860679357442730,-15.434760173757198,'medium','20','0.06',NULL,NULL),(59,59,'2025-01-18 00:00:00','Calle Real, 10. Arucas. 35400',28.121826135744524,-15.523258742569647,'small','10','0.008',NULL,NULL),(60,60,'2025-01-18 00:00:00','Calle Camilo Saint-Saëns, 15. Gáldar. 35460',28.145953017011497,-15.641951932479017,'large','50','0.5',NULL,NULL),(61,61,'2025-01-18 00:00:00','Calle Pérez Galdós, 8. Teror. 35330',28.060466302395326,-15.541905718211470,'medium','20','0.06',NULL,NULL),(62,62,'2025-01-19 00:00:00','C. Gonzalo Medina, 35300 Sta Brígida, Las Palmas',28.037115943329646,-15.497354719312506,'small','10','0.008',NULL,NULL),(63,63,'2025-01-19 00:00:00','Calle León y Castillo, 21. Agaete. 35480',28.101001201669046,-15.700940217190164,'large','50','0.5',NULL,NULL),(64,64,'2025-01-20 00:00:00','Calle el Drago, 58, 35140 Mogán, Las Palmas',27.883222117550670,-15.723487857587417,'medium','20','0.06',NULL,NULL),(65,65,'2025-01-20 00:00:00','C. Párroco José Hernández Acosta, nº10, 35340 Valleseco',28.051587834687215,-15.575446926074124,'small','10','0.008',NULL,NULL),(66,66,'2025-01-20 00:00:00','C. Pérez Galdós, 22, 35450 Guía, Las Palmas',28.139091037035470,-15.631175118042647,'large','50','0.5',NULL,NULL),(67,67,'2025-01-21 00:00:00','C. Párroco Hernández Guerra, 17-13, 35360 Tejeda, Las Palmas',27.995304160506358,-15.614739464688569,'medium','20','0.06',NULL,NULL),(68,68,'2025-01-21 00:00:00','Avenida Juan XXIII, 30. San Mateo. 35320',28.011971255217370,-15.529882974863850,'small','10','0.008',NULL,NULL),(69,69,'2025-01-21 00:00:00','Calle de las Camelias, 14. Firgas. 35430',28.066665741024280,-15.549123275608496,'large','50','0.5',NULL,NULL),(70,70,'2025-01-22 00:00:00','C. Faya, 14, 35129 Mogán, Las Palmas',27.764872599197147,-15.684141174870943,'medium','20','0.06',NULL,NULL),(71,71,'2025-01-22 00:00:00','Avenida de Gáldar, 7. Maspalomas. 35100',27.766695310719314,-15.575438645868996,'small','10','0.008',NULL,NULL),(72,72,'2025-01-23 00:00:00','Calle del Calvario, 8. Valsequillo. 35217',27.992330881129107,-15.495005217193254,'large','50','0.5',NULL,NULL),(73,73,'2025-01-23 00:00:00','Av. Matías Vega, 4, 35350 Artenara, Las Palmas',28.020356664012210,-15.646532034535250,'medium','20','0.06',NULL,NULL),(74,74,'2025-01-23 00:00:00','C. Leopoldo Matos, 25-23, 35280 Santa Lucía de Tirajana',27.911547601144026,-15.539978932812733,'small','10','0.008',NULL,NULL),(75,75,'2025-01-24 00:00:00','C. Calderón de la Barca, 3, 35469 Puerto de Sardina, Las Palmas',28.153373463401866,-15.691069310205876,'large','50','0.5',NULL,NULL),(76,76,'2025-01-24 00:00:00','C. San Borondón, 78, 35100 San Bartolomé de Tirajana, Las Palmas',27.767876487996144,-15.586890219316095,'medium','20','0.06',NULL,NULL),(77,77,'2025-01-24 00:00:00','Calle La Marisma, 9. Playa de Mogán. 35138',27.827936405354270,-15.755021719343567,'small','10','0.008',NULL,NULL),(78,78,'2025-01-25 00:00:00','Calle Nueva, 17. Santa Brígida. 35300',28.034337364104157,-15.499500321874862,'medium','20','0.06',NULL,NULL),(79,79,'2025-01-25 00:00:00','C. León y Castillo, 5, 35480 Agaete, Las Palmas',28.100284408331145,-15.700397298006218,'large','50','0.5',NULL,NULL),(80,80,'2025-01-25 00:00:00','Avenida las Palmeras, 23. Vecindario. 35110',27.791131384381250,-15.709729352610490,'medium','20','0.06',NULL,NULL),(81,81,'2025-01-26 00:00:00','Calle del Almendro, 5. Valsequillo. 35217',27.921543974380697,-15.443080232537692,'small','10','0.008',NULL,NULL),(82,82,'2025-01-26 00:00:00','Avenida de la Montaña, 13. Arucas. 35400',28.134069473703760,-15.508537610579571,'large','50','0.5',NULL,NULL),(83,83,'2025-01-26 00:00:00','Calle del Faro, 12. Maspalomas. 35100',27.735922800138002,-15.596102056003259,'medium','20','0.06',NULL,NULL),(84,84,'2025-01-27 00:00:00','Cjón. Padre Claret, 6, 35360 Tejeda, Las Palmas',27.995538940064340,-15.614740772686353,'small','10','0.008',NULL,NULL),(85,85,'2025-01-27 00:00:00','Calle Principal, 55, 35320 Vega de San Mateo, Las Palmas',28.010717654945490,-15.532220365939594,'large','50','0.5',NULL,NULL),(86,86,'2025-01-27 00:00:00','C. Canario, 14, 35480 Agaete, Las Palmas',28.099762566594425,-15.699538239248662,'medium','20','0.06',NULL,NULL),(87,87,'2025-01-28 00:00:00','C. Miguel Hernández, 4, 35420 Moya, Las Palmas',28.110556253702180,-15.583344571748889,'small','10','0.008',NULL,NULL),(88,88,'2025-01-28 00:00:00','C. Alcalde Francisco Ponce Gil, 5, 35432 Firgas, Las Palmas',28.107254421856750,-15.563547481379947,'large','50','0.5',NULL,NULL),(89,89,'2025-01-28 00:00:00','C. del Castaño, 12, 35330 Teror, Las Palmas',28.062408871152540,-15.547229604186885,'medium','20','0.06',NULL,NULL),(90,90,'2025-01-29 00:00:00','C. Pérez Galdós, 3, 35450 Guía, Las Palmas',28.139881458969400,-15.631816627469522,'small','10','0.008',NULL,NULL),(91,91,'2025-01-29 00:00:00','C. José Antonio Primo de Rivera, 2-12, 35470 La Aldea de San Nicolas de Tolentino, Las Palmas',27.982292549683630,-15.779960783731065,'medium','20','0.06',NULL,NULL),(92,92,'2025-01-29 00:00:00','C. Párroco José Hernández Acosta, 11, 35340 Valleseco, Las Palmas',28.050677111428666,-15.575512345570557,'large','50','0.5',NULL,NULL),(93,93,'2025-01-30 00:00:00','C. Lic. Calderín, 12, 35200 Telde, Las Palmas',28.004701052233006,-15.412994559795177,'small','10','0.008',NULL,NULL),(94,94,'2025-01-30 00:00:00','Avenida del Faro, 5. Maspalomas. 35100',27.735897987543645,-15.596140102163892,'medium','20','0.06',NULL,NULL),(95,95,'2025-01-31 00:00:00','Pl. del Rosario, 17, 35260 Agüimes, Las Palmas',27.907026993487290,-15.447027605734947,'large','50','0.5',NULL,NULL),(96,96,'2025-01-31 00:00:00','Ctra. Centro San José de las Vegas, 24, 35300 Sta Brígida, Las Palmas',28.034199600318960,-15.492189014555729,'small','10','0.008',NULL,NULL),(97,97,'2025-01-31 00:00:00','Calle Dr. Pedro Rodríguez, 1, 35330 Teror, Las Palmas',28.061652397368530,-15.546224708267720,'medium','20','0.06',NULL,NULL),(98,98,'2025-01-16 00:00:00','Calle Dr. Fleming, 7, 35400 Arucas, Las Palmas',28.120219533753875,-15.521236369170147,'large','50','0.5',NULL,NULL),(99,99,'2025-01-17 00:00:00','Av. de Carlos V, 27, 35240 Villa de Ingenio, Las Palmas',27.911205848067528,-15.406280055415600,'small','10','0.008',NULL,NULL),(100,100,'2025-01-18 00:00:00','C. Soront Semidán, 5, 35460 Gáldar, Las Palmas',28.146044671395003,-15.655159680588008,'medium','20','0.06',NULL,NULL),(101,101,'2025-01-16 00:00:00','Calle el Drago, 20-72, 35140 Mogán, Las Palmas',27.882970652651130,-15.723763719314602,'large','50','0.5',NULL,NULL),(102,102,'2025-01-16 00:00:00','GC-60, 33-21, 35360 Tejeda, Las Palmas',27.992239737071500,-15.614878070186311,'small','10','0.008',NULL,NULL),(103,103,'2025-01-17 00:00:00','Calle Lomo, 12. Valsequillo. 35217',28.043600367580847,-15.575817646027438,'medium','20','0.06',NULL,NULL),(104,104,'2025-01-17 00:00:00','Av. de Canarias, 147-131, 35110 Vecindario, Las Palmas',27.854886715117065,-15.438889467939724,'large','50','0.5',NULL,NULL),(105,105,'2025-01-17 00:00:00','Calle Principal, 55, 35320 Vega de San Mateo, Las Palmas',28.010717654945490,-15.532193543850614,'small','10','0.008',NULL,NULL),(106,106,'2025-01-18 00:00:00','Avenida Francisco Vega Monroy, 10. Santa Lucía. 35280',27.769508227972022,-15.602124221426823,'medium','20','0.06',NULL,NULL),(107,107,'2025-01-18 00:00:00','C. Pío XII, 42-50, 35005 Las Palmas de Gran Canaria, Las Palmas',28.127246108210670,-15.432935615108857,'small','10','0.008',NULL,NULL),(108,108,'2025-01-18 00:00:00','C. Cuba, 39, 35450 Becerril de Guía, Las Palmas',28.152582207648960,-15.631955704129089,'large','50','0.5',NULL,NULL),(109,109,'2025-01-19 00:00:00','C. Miguel Marrero Rodríguez, 5, 35120 Arguineguín, Las Palmas',27.761611129195824,-15.683210052616598,'medium','20','0.06',NULL,NULL),(110,110,'2025-01-19 00:00:00','Av. Matías Vega, 19, 35350 Artenara, Las Palmas',28.021630416507140,-15.646497567805055,'small','10','0.008',NULL,NULL),(111,111,'2025-01-20 00:00:00','Calle del Aceituno, 13. Tejeda. 35360',27.992991181422130,-15.614971837225990,'large','50','0.5',NULL,NULL),(112,112,'2025-01-20 00:00:00','Plaza de San Pedro, 16. Telde. 35200',28.004122606600426,-15.415359968604020,'medium','20','0.06',NULL,NULL),(113,113,'2025-01-20 00:00:00','Avenida del Atlántico, 25. Vecindario. 35110',27.844452575690546,-15.438905061375477,'small','10','0.008',NULL,NULL),(114,114,'2025-01-21 00:00:00','Calle Principal, 55, 35320 Vega de San Mateo, Las Palmas',28.010705814873050,-15.532204272686165,'large','50','0.5',NULL,NULL),(115,115,'2025-01-21 00:00:00','C. León y Castillo, 30, 35480 Agaete, Las Palmas',28.101051258792058,-15.701056878739076,'medium','20','0.06',NULL,NULL),(116,116,'2025-01-21 00:00:00','Calle Barranquillo, 12. Valsequillo. 35217',28.022094650558696,-15.548901721047631,'small','10','0.008',NULL,NULL),(117,117,'2025-01-22 00:00:00','Avenida del Sur, 18. Maspalomas. 35100',27.764553497235084,-15.595876512473692,'large','50','0.5',NULL,NULL),(118,118,'2025-01-22 00:00:00','Calle del Norte, 15. Arucas. 35400',28.118350554797356,-15.524975109671034,'medium','20','0.06',NULL,NULL),(119,119,'2025-01-23 00:00:00','Calle del Castillo, 6. Santa Brígida. 35300',27.997392801304933,-15.411900530320816,'small','10','0.008',NULL,NULL),(120,120,'2025-01-23 00:00:00','Calle de la Fuente, 5. Firgas. 35430',28.107127216441550,-15.564786623767974,'large','50','0.5',NULL,NULL),(121,121,'2025-01-23 00:00:00','Avenida de Canarias, 22. Vecindario. 35110',27.861697738286550,-15.434676861012704,'medium','20','0.06',NULL,NULL),(122,122,'2025-01-24 00:00:00','Calle Doramas, 10. Teror. 35330',28.109942715800504,-15.510682876348900,'large','50','0.5',NULL,NULL),(123,123,'2025-01-24 00:00:00','Plaza de Santa Ana, 8. Las Palmas de Gran Canaria. 35001',28.100201567081870,-15.416049859153610,'small','10','0.008',NULL,NULL),(124,124,'2025-01-24 00:00:00','C. Castelar, 13, 35300 Sta Brígida, Las Palmas',28.034687151957410,-15.500005788268094,'medium','20','0.06',NULL,NULL),(125,125,'2025-01-25 00:00:00','Calle de la Calzada, 3. Agaete. 35480',28.100617286802830,-15.699679109318865,'large','50','0.5',NULL,NULL),(126,126,'2025-01-25 00:00:00','Calle Nueva, 15. Arucas. 35400',28.120252024899150,-15.532087047512588,'medium','20','0.06',NULL,NULL),(127,127,'2025-01-25 00:00:00','C. Miguel Hernández, 4, 35420 Moya, Las Palmas',28.120221845874052,-15.584718193817238,'small','10','0.008',NULL,NULL),(128,128,'2025-01-26 00:00:00','Avenida de la Constitución, 5. Ingenio. 35240',27.911816886168840,-15.403688402627315,'large','50','0.5',NULL,NULL),(129,129,'2025-01-26 00:00:00','Lugar Parque Urbanización las Huertas, 5, 35450 Guía, Las Palmas',28.139618050045590,-15.633188500087954,'medium','20','0.06',NULL,NULL),(130,130,'2025-01-26 00:00:00','C. Mirabala, 8, 35217 Valsequillo, Las Palmas',27.993229158195454,-15.494923434557950,'small','10','0.008',NULL,NULL),(131,131,'2025-01-27 00:00:00','Calle Doramas, 8. Firgas. 35430',28.110657777933810,-15.510795845661159,'large','50','0.5',NULL,NULL),(132,132,'2025-01-27 00:00:00','Calle Barranco, 14. Agaete. 35480',28.098526562613564,-15.696188347513326,'medium','20','0.06',NULL,NULL),(133,133,'2025-01-27 00:00:00','Avenida del Norte, 17. Santa Lucía. 35280',27.859096256559507,-15.445634403340776,'small','10','0.008',NULL,NULL),(134,134,'2025-01-28 00:00:00','Calle Dr. Domingo Hernández Guerra, 15, 35360 Tejeda, Las Palmas',27.997752317064183,-15.615216723454337,'large','50','0.5',NULL,NULL),(135,135,'2025-01-28 00:00:00','Entrada Montaña Cabreja, Carretera General de San Mateo, 35320 Vega de San Mateo, Las Palmas',28.009708177217252,-15.544666382869243,'medium','20','0.06',NULL,NULL),(136,136,'2025-01-28 00:00:00','Av. de Canarias, 293, 35110 Vecindario, Las Palmas',27.847500773690825,-15.443869683073800,'small','10','0.008',NULL,NULL),(137,137,'2025-01-29 00:00:00','Calle Real, 6. Arucas. 35400',28.122104245519335,-15.523559474496881,'large','50','0.5',NULL,NULL),(138,138,'2025-01-29 00:00:00','Avenida de los Hoyos, 12. Santa Brígida. 35300',28.053125605979100,-15.462511462858515,'medium','20','0.06',NULL,NULL),(139,139,'2025-01-29 00:00:00','C. Barranquillo, 13, 35400 Arucas, Las Palmas',28.120553149741284,-15.524741651280438,'small','10','0.008',NULL,NULL),(140,140,'2025-01-30 00:00:00','Calle Nueva, 15. Moya. 35420',28.112255407126792,-15.582105218676885,'large','50','0.5',NULL,NULL),(141,141,'2025-01-30 00:00:00','Avenida del Sur, 10. Maspalomas. 35100',27.757681863229735,-15.597568439042304,'medium','20','0.06',NULL,NULL),(142,142,'2025-01-31 00:00:00','C. del Molino, 7, 35120 Arguineguín, Las Palmas',27.759985568580632,-15.681510003343872,'small','10','0.008',NULL,NULL),(143,143,'2025-01-31 00:00:00','Av. Matías Vega, 13, 35350 Artenara, Las Palmas',28.021649132886060,-15.646392999801330,'large','50','0.5',NULL,NULL),(144,144,'2025-01-31 00:00:00','Av. del Atlántico, 9-45, 35119 Vecindario, Las Palmas',27.842127052547305,-15.440509874505445,'medium','20','0.06',NULL,NULL),(145,145,'2025-01-27 00:00:00','C. el Barranquillo, 12, 35328 Vega de San Mateo, Las Palmas',28.022277768040430,-15.548935989843672,'small','10','0.008',NULL,NULL),(146,146,'2025-01-28 00:00:00','C. de las Nieves, 21, 35480 Agaete, Las Palmas',28.100950965957864,-15.700879432169414,'large','50','0.5',NULL,NULL),(147,147,'2025-01-28 00:00:00','Carretera de los Berrazales, Km 3, 5, 35480, Las Palmas',28.083489312141737,-15.669924275588869,'medium','20','0.06',NULL,NULL),(148,148,'2025-01-28 00:00:00','Lugar el Ingenio Bajo, 27D, 35280, Las Palmas',27.902234458273476,-15.541313493055132,'small','10','0.008',NULL,NULL),(149,149,'2025-01-29 00:00:00','nº 3, Plaza Alameda de Sta. Ana, 35320 Vega de San Mateo, Las Palmas',28.014253196067596,-15.533281191538109,'medium','20','0.06',NULL,NULL),(150,150,'2025-01-29 00:00:00','C. Tomás Arroyo Cardoso, 7, 35360 Tejeda, Las Palmas',27.992112211168163,-15.615227203791404,'large','50','0.5',NULL,NULL),(151,151,'2025-01-29 00:00:00','Avenida del Mar, 18. Maspalomas. 35100',27.742264683135414,-15.602276432180426,'medium','20','0.06',NULL,NULL),(152,152,'2025-01-30 00:00:00','C/ El Molino. Local 2., 35430 Firgas',28.107320940008886,-15.562588314705174,'small','10','0.008',NULL,NULL),(153,153,'2025-01-30 00:00:00','C. León y Castillo, 22, 35400 Arucas, Las Palmas',28.118353411994025,-15.523347359575165,'large','50','0.5',NULL,NULL),(154,154,'2025-01-31 00:00:00','C. Médico Estévez, 3, 35450 Guía, Las Palmas',28.139952741812340,-15.632600000087956,'medium','20','0.06',NULL,NULL),(155,155,'2025-01-31 00:00:00','C. San Diego, 2, 35200 Telde, Las Palmas',27.997884112794317,-15.417312215678137,'small','10','0.008',NULL,NULL),(156,156,'2025-01-29 00:00:00','C. El Galeón, C. Mirador de la Villa, 2, 35300 Sta Brígida, Las Palmas',28.037743623230675,-15.497020153486540,'medium','20','0.06',NULL,NULL),(157,157,'2025-01-30 00:00:00','Plaza del Mercadillo, 6. Valsequillo. 35217',27.992209049957427,-15.497291031427370,'small','10','0.008',NULL,NULL),(158,158,'2025-01-30 00:00:00','Calle de las Palomas, 14. Vecindario. 35110',27.852233098551903,-15.439984271969347,'large','50','0.5',NULL,NULL),(159,159,'2025-01-31 00:00:00','Calle Principal, 9. Agaete. 35480',28.101106528926070,-15.699303911273790,'medium','20','0.06',NULL,NULL),(160,160,'2025-01-31 00:00:00','Avenida de la Constitución, 12. Ingenio. 35240',27.910573752500710,-15.406623217464995,'small','10','0.008',NULL,NULL);
/*!40000 ALTER TABLE `order` ENABLE KEYS */;
UNLOCK TABLES;

--
-- Table structure for table `route`
--

DROP TABLE IF EXISTS `route`;
/*!40101 SET @saved_cs_client     = @@character_set_client */;
/*!50503 SET character_set_client = utf8mb4 */;
CREATE TABLE `route` (
  `id` int NOT NULL AUTO_INCREMENT,
  `truck_id` int NOT NULL,
  `route_date` datetime NOT NULL,
  `estimated_duration` time NOT NULL,
  `total_distance` int NOT NULL,
  PRIMARY KEY (`id`),
  KEY `IDX_2C42079C6957CCE` (`truck_id`),
  CONSTRAINT `FK_2C42079C6957CCE` FOREIGN KEY (`truck_id`) REFERENCES `truck` (`id`)
) ENGINE=InnoDB AUTO_INCREMENT=2 DEFAULT CHARSET=utf8mb4 COLLATE=utf8mb4_unicode_ci;
/*!40101 SET character_set_client = @saved_cs_client */;

--
-- Dumping data for table `route`
--

LOCK TABLES `route` WRITE;
/*!40000 ALTER TABLE `route` DISABLE KEYS */;
INSERT INTO `route` VALUES (1, 1, '2025-01-24 09:00:00','08:00:00', 2000),(2, 2, '2025-01-24 09:00:00','08:00:00', 2000),(3, 3, '2025-01-24 09:00:00','08:00:00', 2000),(4, 4, '2025-01-24 09:00:00','08:00:00', 2000),(5, 5, '2025-01-24 09:00:00','08:00:00', 2000),(6, 6, '2025-01-24 09:00:00','08:00:00', 2000),(7, 7, '2025-01-24 09:00:00','08:00:00', 2000),(8, 8, '2025-01-24 09:00:00','08:00:00', 2000),(9, 9, '2025-01-24 09:00:00','08:00:00', 2000),(10, 10, '2025-01-24 09:00:00','08:00:00', 2000);
/*!40000 ALTER TABLE `route` ENABLE KEYS */;
UNLOCK TABLES;

--
-- Table structure for table `truck`
--

DROP TABLE IF EXISTS `truck`;
/*!40101 SET @saved_cs_client     = @@character_set_client */;
/*!50503 SET character_set_client = utf8mb4 */;
CREATE TABLE `truck` (
  `id` int NOT NULL AUTO_INCREMENT,
  `driver_id` int NOT NULL,
  `availability` varchar(255) CHARACTER SET utf8mb4 COLLATE utf8mb4_unicode_ci NOT NULL,
  `max_mass` int NOT NULL,
  `max_volume` int NOT NULL,
  `license_plate` varchar(255) CHARACTER SET utf8mb4 COLLATE utf8mb4_unicode_ci NOT NULL,
  `max_permissible_volume` decimal(10,2) NOT NULL,
  PRIMARY KEY (`id`),
  KEY `FK_CDCCF30AC3423909` (`driver_id`),
  CONSTRAINT `FK_CDCCF30AC3423909` FOREIGN KEY (`driver_id`) REFERENCES `driver` (`id`)
) ENGINE=InnoDB AUTO_INCREMENT=12 DEFAULT CHARSET=utf8mb4 COLLATE=utf8mb4_unicode_ci;
/*!40101 SET character_set_client = @saved_cs_client */;

--
-- Dumping data for table `truck`
--

LOCK TABLES `truck` WRITE;
/*!40000 ALTER TABLE `truck` DISABLE KEYS */;
INSERT INTO `truck` VALUES (1,1,'Available',1329,11,'1234BCD',9.00),(2,1,'Available',1329,11,'3456MMV',9.00),(3,2,'Available',1329,11,'5678FGH',9.00),(4,2,'Available',1329,11,'7890MXY',9.00),(5,3,'Available',1329,11,'9101JKL',9.00),(6,3,'Available',1329,11,'4567BGH',9.00),(7,4,'Available',1329,11,'2345MNP',9.00),(8,4,'Available',1329,11,'8912LMN',9.00),(9,5,'Available',1329,11,'6789KRS',9.00),(10,5,'Available',1329,11,'1230LRT',9.00);
/*!40000 ALTER TABLE `truck` ENABLE KEYS */;
UNLOCK TABLES;

--
-- Dumping events for database 'itinerarIA'
--

--
-- Dumping routines for database 'itinerarIA'
--
/*!40103 SET TIME_ZONE=@OLD_TIME_ZONE */;

/*!40101 SET SQL_MODE=@OLD_SQL_MODE */;
/*!40014 SET FOREIGN_KEY_CHECKS=@OLD_FOREIGN_KEY_CHECKS */;
/*!40014 SET UNIQUE_CHECKS=@OLD_UNIQUE_CHECKS */;
/*!40101 SET CHARACTER_SET_CLIENT=@OLD_CHARACTER_SET_CLIENT */;
/*!40101 SET CHARACTER_SET_RESULTS=@OLD_CHARACTER_SET_RESULTS */;
/*!40101 SET COLLATION_CONNECTION=@OLD_COLLATION_CONNECTION */;
/*!40111 SET SQL_NOTES=@OLD_SQL_NOTES */;

-- Dump completed on 2025-01-20 15:01:53
